"","word","correct_word","neighbor1","neighbor2","neighbor3","neighbor4","neighbor5","neighbor6","neighbor7","neighbor8"
"1","staff","TRUE","0","0","0","0","0","0","0","0"
"2","reprt","TRUE","0","0","0","0","0","0","0","0"
"3","january","TRUE","0","0","0","0","0","0","0","0"
"4","by","TRUE","0","0","0","0","0","0","0","0"
"5","wllllam","TRUE","0","0","0","0","0","0","0","0"
"6","drlver","FALSE","reprt","january","by","wllllam","tax","reformhearngs","before","the"
"7","tax","TRUE","0","0","0","0","0","0","0","0"
"8","reformhearngs","FALSE","by","wllllam","drlver","tax","before","the","house","ways"
"9","before","TRUE","0","0","0","0","0","0","0","0"
"10","the","TRUE","0","0","0","0","0","0","0","0"
"11","house","TRUE","0","0","0","0","0","0","0","0"
"12","ways","TRUE","0","0","0","0","0","0","0","0"
"13","and","TRUE","0","0","0","0","0","0","0","0"
"14","mlttee","FALSE","the","house","ways","and","ar","llkely","begln","early"
"15","ar","FALSE","house","ways","and","mlttee","llkely","begln","early","the"
"16","llkely","TRUE","0","0","0","0","0","0","0","0"
"17","begln","FALSE","and","mlttee","ar","llkely","early","the","next","sesslon"
"18","early","TRUE","0","0","0","0","0","0","0","0"
"19","the","TRUE","0","0","0","0","0","0","0","0"
"20","next","TRUE","0","0","0","0","0","0","0","0"
"21","sesslon","FALSE","begln","early","the","next","as","long","so","as"
"22","as","TRUE","0","0","0","0","0","0","0","0"
"23","long","TRUE","0","0","0","0","0","0","0","0"
"24","so","TRUE","0","0","0","0","0","0","0","0"
"25","as","TRUE","0","0","0","0","0","0","0","0"
"26","last","TRUE","0","0","0","0","0","0","0","0"
"27","june","TRUE","0","0","0","0","0","0","0","0"
"28","that","TRUE","0","0","0","0","0","0","0","0"
"29","commlttees","FALSE","as","last","june","that","chalman","orlty","means","com"
"30","chalman","FALSE","last","june","that","commlttees","orlty","means","com","of"
"31","orlty","FALSE","june","that","commlttees","chalman","means","com","of","congres"
"32","means","TRUE","0","0","0","0","0","0","0","0"
"33","com","TRUE","0","0","0","0","0","0","0","0"
"34","of","TRUE","0","0","0","0","0","0","0","0"
"35","congres","FALSE","orlty","means","com","of","wllbur","one","pry","sponsor"
"36","wllbur","TRUE","0","0","0","0","0","0","0","0"
"37","one","TRUE","0","0","0","0","0","0","0","0"
"38","pry","FALSE","of","congres","wllbur","one","sponsor","oopholejolugglng","bllls","has"
"39","sponsor","TRUE","0","0","0","0","0","0","0","0"
"40","oopholejolugglng","FALSE","wllbur","one","pry","sponsor","bllls","has","avolded","advocatlng"
"41","bllls","TRUE","0","0","0","0","0","0","0","0"
"42","has","TRUE","0","0","0","0","0","0","0","0"
"43","avolded","TRUE","0","0","0","0","0","0","0","0"
"44","advocatlng","TRUE","0","0","0","0","0","0","0","0"
"45","sweeplng","FALSE","bllls","has","avolded","advocatlng","efoms","proposal","arly","order"
"46","efoms","FALSE","has","avolded","advocatlng","sweeplng","proposal","arly","order","to"
"47","proposal","TRUE","0","0","0","0","0","0","0","0"
"48","arly","FALSE","advocatlng","sweeplng","efoms","proposal","order","to","take","the"
"49","order","TRUE","0","0","0","0","0","0","0","0"
"50","to","TRUE","0","0","0","0","0","0","0","0"
"51","take","TRUE","0","0","0","0","0","0","0","0"
"52","the","TRUE","0","0","0","0","0","0","0","0"
"53","initiative","TRUE","0","0","0","0","0","0","0","0"
"54","comments","TRUE","0","0","0","0","0","0","0","0"
"55","varlous","FALSE","take","the","initiative","comments","teasury","department","offlclals","ndcate"
"56","teasury","FALSE","the","initiative","comments","varlous","department","offlclals","ndcate","the"
"57","department","TRUE","0","0","0","0","0","0","0","0"
"58","offlclals","TRUE","0","0","0","0","0","0","0","0"
"59","ndcate","FALSE","varlous","teasury","department","offlclals","the","admmsmr","tlon","emphaslze"
"60","the","TRUE","0","0","0","0","0","0","0","0"
"61","admmsmr","FALSE","department","offlclals","ndcate","the","tlon","emphaslze","tax","simplification"
"62","tlon","FALSE","offlclals","ndcate","the","admmsmr","emphaslze","tax","simplification","rather"
"63","emphaslze","FALSE","ndcate","the","admmsmr","tlon","tax","simplification","rather","than"
"64","tax","TRUE","0","0","0","0","0","0","0","0"
"65","simplification","TRUE","0","0","0","0","0","0","0","0"
"66","rather","TRUE","0","0","0","0","0","0","0","0"
"67","than","TRUE","0","0","0","0","0","0","0","0"
"68","substantlve","FALSE","tax","simplification","rather","than","reform","that","he","specter"
"69","reform","TRUE","0","0","0","0","0","0","0","0"
"70","that","TRUE","0","0","0","0","0","0","0","0"
"71","he","TRUE","0","0","0","0","0","0","0","0"
"72","specter","TRUE","0","0","0","0","0","0","0","0"
"73","congress","TRUE","0","0","0","0","0","0","0","0"
"74","to","TRUE","0","0","0","0","0","0","0","0"
"75","take","TRUE","0","0","0","0","0","0","0","0"
"76","under","TRUE","0","0","0","0","0","0","0","0"
"77","conslderatlon","FALSE","congress","to","take","under","the","asset","the","mm"
"78","the","TRUE","0","0","0","0","0","0","0","0"
"79","asset","TRUE","0","0","0","0","0","0","0","0"
"80","the","TRUE","0","0","0","0","0","0","0","0"
"81","mm","FALSE","conslderatlon","the","asset","the","tax","on","tax","preference"
"82","tax","TRUE","0","0","0","0","0","0","0","0"
"83","on","TRUE","0","0","0","0","0","0","0","0"
"84","tax","TRUE","0","0","0","0","0","0","0","0"
"85","preference","TRUE","0","0","0","0","0","0","0","0"
"86","ncome","FALSE","tax","on","tax","preference","that","capl","galns","come"
"87","that","TRUE","0","0","0","0","0","0","0","0"
"88","capl","FALSE","tax","preference","ncome","that","galns","come","up","for"
"89","galns","FALSE","preference","ncome","that","capl","come","up","for","congresslonal"
"90","come","TRUE","0","0","0","0","0","0","0","0"
"91","up","TRUE","0","0","0","0","0","0","0","0"
"92","for","TRUE","0","0","0","0","0","0","0","0"
"93","congresslonal","TRUE","0","0","0","0","0","0","0","0"
"94","revlew","FALSE","come","up","for","congresslonal","congresslonal","conslderatlon","of","trade"
"95","congresslonal","TRUE","0","0","0","0","0","0","0","0"
"96","conslderatlon","FALSE","for","congresslonal","revlew","congresslonal","of","trade","reform","leglslatlon"
"97","of","TRUE","0","0","0","0","0","0","0","0"
"98","trade","TRUE","0","0","0","0","0","0","0","0"
"99","reform","TRUE","0","0","0","0","0","0","0","0"
"100","leglslatlon","TRUE","0","0","0","0","0","0","0","0"
"101","ahead","TRUE","0","0","0","0","0","0","0","0"
"102","of","TRUE","0","0","0","0","0","0","0","0"
"103","that","TRUE","0","0","0","0","0","0","0","0"
"104","he","TRUE","0","0","0","0","0","0","0","0"
"105","ould","FALSE","ahead","of","that","he","put","trade","leglslatlon","before"
"106","put","TRUE","0","0","0","0","0","0","0","0"
"107","trade","TRUE","0","0","0","0","0","0","0","0"
"108","leglslatlon","TRUE","0","0","0","0","0","0","0","0"
"109","before","TRUE","0","0","0","0","0","0","0","0"
"110","tax","TRUE","0","0","0","0","0","0","0","0"
"111","resom","FALSE","trade","leglslatlon","before","tax","ls","presldent","preslden","has"
"112","ls","FALSE","leglslatlon","before","tax","resom","presldent","preslden","has","not"
"113","presldent","TRUE","0","0","0","0","0","0","0","0"
"114","preslden","FALSE","tax","resom","ls","presldent","has","not","yet","made"
"115","has","TRUE","0","0","0","0","0","0","0","0"
"116","not","TRUE","0","0","0","0","0","0","0","0"
"117","yet","TRUE","0","0","0","0","0","0","0","0"
"118","made","TRUE","0","0","0","0","0","0","0","0"
"119","declslon","FALSE","has","not","yet","made","on","elther","the","nature"
"120","on","TRUE","0","0","0","0","0","0","0","0"
"121","elther","TRUE","0","0","0","0","0","0","0","0"
"122","the","TRUE","0","0","0","0","0","0","0","0"
"123","nature","TRUE","0","0","0","0","0","0","0","0"
"124","of","TRUE","0","0","0","0","0","0","0","0"
"125","trade","TRUE","0","0","0","0","0","0","0","0"
"126","lelslatlon","FALSE","the","nature","of","trade","be","proposed","by","the"
"127","be","TRUE","0","0","0","0","0","0","0","0"
"128","proposed","TRUE","0","0","0","0","0","0","0","0"
"129","by","TRUE","0","0","0","0","0","0","0","0"
"130","the","TRUE","0","0","0","0","0","0","0","0"
"131","admlnlstratlon","FALSE","be","proposed","by","the","or","on","the","tact"
"132","or","TRUE","0","0","0","0","0","0","0","0"
"133","on","TRUE","0","0","0","0","0","0","0","0"
"134","the","TRUE","0","0","0","0","0","0","0","0"
"135","tact","FALSE","admlnlstratlon","or","on","the","cal","lssue","of","when"
"136","cal","FALSE","or","on","the","tact","lssue","of","when","to"
"137","lssue","TRUE","0","0","0","0","0","0","0","0"
"138","of","TRUE","0","0","0","0","0","0","0","0"
"139","when","TRUE","0","0","0","0","0","0","0","0"
"140","to","TRUE","0","0","0","0","0","0","0","0"
"141","present","TRUE","0","0","0","0","0","0","0","0"
"142","under","TRUE","0","0","0","0","0","0","0","0"
"143","ne","FALSE","when","to","present","under","leadershlp","dutles","reasury","secretary"
"144","leadershlp","FALSE","to","present","under","ne","dutles","reasury","secretary","shultz"
"145","dutles","FALSE","present","under","ne","leadershlp","reasury","secretary","shultz","take"
"146","reasury","FALSE","under","ne","leadershlp","dutles","secretary","shultz","take","charge"
"147","secretary","TRUE","0","0","0","0","0","0","0","0"
"148","shultz","TRUE","0","0","0","0","0","0","0","0"
"149","take","TRUE","0","0","0","0","0","0","0","0"
"150","charge","TRUE","0","0","0","0","0","0","0","0"
"151","of","TRUE","0","0","0","0","0","0","0","0"
"152","overall","TRUE","0","0","0","0","0","0","0","0"
"153","economlc","TRUE","0","0","0","0","0","0","0","0"
"154","pollcy","TRUE","0","0","0","0","0","0","0","0"
"155","restore","TRUE","0","0","0","0","0","0","0","0"
"156","he","TRUE","0","0","0","0","0","0","0","0"
"157","department","TRUE","0","0","0","0","0","0","0","0"
"158","of","TRUE","0","0","0","0","0","0","0","0"
"159","state","TRUE","0","0","0","0","0","0","0","0"
"160","to","TRUE","0","0","0","0","0","0","0","0"
"161","some","TRUE","0","0","0","0","0","0","0","0"
"162","emlnence","TRUE","0","0","0","0","0","0","0","0"
"163","trade","TRUE","0","0","0","0","0","0","0","0"
"164","pollcy","TRUE","0","0","0","0","0","0","0","0"
"165","matters","TRUE","0","0","0","0","0","0","0","0"
"166","no","TRUE","0","0","0","0","0","0","0","0"
"167","chang","FALSE","trade","pollcy","matters","no","have","been","ndcated","so"
"168","have","TRUE","0","0","0","0","0","0","0","0"
"169","been","TRUE","0","0","0","0","0","0","0","0"
"170","ndcated","FALSE","no","chang","have","been","so","far","the","offlce"
"171","so","TRUE","0","0","0","0","0","0","0","0"
"172","far","TRUE","0","0","0","0","0","0","0","0"
"173","the","TRUE","0","0","0","0","0","0","0","0"
"174","offlce","FALSE","ndcated","so","far","the","of","the","speclal","rade"
"175","of","TRUE","0","0","0","0","0","0","0","0"
"176","the","TRUE","0","0","0","0","0","0","0","0"
"177","speclal","TRUE","0","0","0","0","0","0","0","0"
"178","rade","FALSE","offlce","of","the","speclal","representatlve","however","the","presldent"
"179","representatlve","FALSE","of","the","speclal","rade","however","the","presldent","has"
"180","however","TRUE","0","0","0","0","0","0","0","0"
"181","the","TRUE","0","0","0","0","0","0","0","0"
"182","presldent","TRUE","0","0","0","0","0","0","0","0"
"183","has","TRUE","0","0","0","0","0","0","0","0"
"184","accepted","TRUE","0","0","0","0","0","0","0","0"
"185","slgnatlons","FALSE","the","presldent","has","accepted","from","number","of","internatlonal"
"186","from","TRUE","0","0","0","0","0","0","0","0"
"187","number","TRUE","0","0","0","0","0","0","0","0"
"188","of","TRUE","0","0","0","0","0","0","0","0"
"189","internatlonal","TRUE","0","0","0","0","0","0","0","0"
"190","economlc","TRUE","0","0","0","0","0","0","0","0"
"191","pollcy","TRUE","0","0","0","0","0","0","0","0"
"192","cuncll","FALSE","of","internatlonal","economlc","pollcy","staff","memb","rs","presently"
"193","staff","TRUE","0","0","0","0","0","0","0","0"
"194","memb","TRUE","0","0","0","0","0","0","0","0"
"195","rs","TRUE","0","0","0","0","0","0","0","0"
"196","presently","TRUE","0","0","0","0","0","0","0","0"
"197","headed","TRUE","0","0","0","0","0","0","0","0"
"198","by","TRUE","0","0","0","0","0","0","0","0"
"199","peter","TRUE","0","0","0","0","0","0","0","0"
"200","flanlgan","TRUE","0","0","0","0","0","0","0","0"
"201","staff","TRUE","0","0","0","0","0","0","0","0"
"202","reort","FALSE","by","peter","flanlgan","staff","january","page","mca","and"
"203","january","TRUE","0","0","0","0","0","0","0","0"
"204","page","TRUE","0","0","0","0","0","0","0","0"
"205","mca","TRUE","0","0","0","0","0","0","0","0"
"206","and","TRUE","0","0","0","0","0","0","0","0"
"207","ther","FALSE","january","page","mca","and","ntervenors","wlth","the","interstate"
"208","ntervenors","FALSE","page","mca","and","ther","wlth","the","interstate","commerce"
"209","wlth","FALSE","mca","and","ther","ntervenors","the","interstate","commerce","commlsslon"
"210","the","TRUE","0","0","0","0","0","0","0","0"
"211","interstate","TRUE","0","0","0","0","0","0","0","0"
"212","commerce","TRUE","0","0","0","0","0","0","0","0"
"213","commlsslon","FALSE","wlth","the","interstate","commerce","reslst","udatlng","of","base"
"214","reslst","TRUE","0","0","0","0","0","0","0","0"
"215","udatlng","FALSE","interstate","commerce","commlsslon","reslst","of","base","classlflcatlon","values"
"216","of","TRUE","0","0","0","0","0","0","0","0"
"217","base","TRUE","0","0","0","0","0","0","0","0"
"218","classlflcatlon","FALSE","reslst","udatlng","of","base","values","bcv","attackln","the"
"219","values","TRUE","0","0","0","0","0","0","0","0"
"220","bcv","FALSE","of","base","classlflcatlon","values","attackln","the","baslc","system"
"221","attackln","FALSE","base","classlflcatlon","values","bcv","the","baslc","system","and"
"222","the","TRUE","0","0","0","0","0","0","0","0"
"223","baslc","TRUE","0","0","0","0","0","0","0","0"
"224","system","TRUE","0","0","0","0","0","0","0","0"
"225","and","TRUE","0","0","0","0","0","0","0","0"
"226","clalmlng","TRUE","0","0","0","0","0","0","0","0"
"227","that","TRUE","0","0","0","0","0","0","0","0"
"228","slngle","TRUE","0","0","0","0","0","0","0","0"
"229","crltlclzd","FALSE","and","clalmlng","that","slngle","our","proposal","to","ralse"
"230","our","TRUE","0","0","0","0","0","0","0","0"
"231","proposal","TRUE","0","0","0","0","0","0","0","0"
"232","to","TRUE","0","0","0","0","0","0","0","0"
"233","ralse","TRUE","0","0","0","0","0","0","0","0"
"234","the","TRUE","0","0","0","0","0","0","0","0"
"235","value","TRUE","0","0","0","0","0","0","0","0"
"236","ceiling","TRUE","0","0","0","0","0","0","0","0"
"237","to","TRUE","0","0","0","0","0","0","0","0"
"238","relate","TRUE","0","0","0","0","0","0","0","0"
"239","the","TRUE","0","0","0","0","0","0","0","0"
"240","package","TRUE","0","0","0","0","0","0","0","0"
"241","functlon","FALSE","to","relate","the","package","of","tank","car","and"
"242","of","TRUE","0","0","0","0","0","0","0","0"
"243","tank","TRUE","0","0","0","0","0","0","0","0"
"244","car","TRUE","0","0","0","0","0","0","0","0"
"245","and","TRUE","0","0","0","0","0","0","0","0"
"246","contlnu","FALSE","of","tank","car","and","legal","objectlons","iccs","power"
"247","legal","TRUE","0","0","0","0","0","0","0","0"
"248","objectlons","FALSE","car","and","contlnu","legal","iccs","power","to","prescrlbe"
"249","iccs","TRUE","0","0","0","0","0","0","0","0"
"250","power","TRUE","0","0","0","0","0","0","0","0"
"251","to","TRUE","0","0","0","0","0","0","0","0"
"252","prescrlbe","TRUE","0","0","0","0","0","0","0","0"
"253","speclfl","FALSE","iccs","power","to","prescrlbe","allowances","therefole","permlt","adequat"
"254","allowances","TRUE","0","0","0","0","0","0","0","0"
"255","therefole","FALSE","to","prescrlbe","speclfl","allowances","permlt","adequat","evaluatlon","and"
"256","permlt","FALSE","prescrlbe","speclfl","allowances","therefole","adequat","evaluatlon","and","response"
"257","adequat","FALSE","speclfl","allowances","therefole","permlt","evaluatlon","and","response","addltlonal"
"258","evaluatlon","TRUE","0","0","0","0","0","0","0","0"
"259","and","TRUE","0","0","0","0","0","0","0","0"
"260","response","TRUE","0","0","0","0","0","0","0","0"
"261","addltlonal","TRUE","0","0","0","0","0","0","0","0"
"262","time","TRUE","0","0","0","0","0","0","0","0"
"263","to","TRUE","0","0","0","0","0","0","0","0"
"264","comment","TRUE","0","0","0","0","0","0","0","0"
"265","was","TRUE","0","0","0","0","0","0","0","0"
"266","requestd","FALSE","time","to","comment","was","our","behalf","and","that"
"267","our","TRUE","0","0","0","0","0","0","0","0"
"268","behalf","TRUE","0","0","0","0","0","0","0","0"
"269","and","TRUE","0","0","0","0","0","0","0","0"
"270","that","TRUE","0","0","0","0","0","0","0","0"
"271","of","TRUE","0","0","0","0","0","0","0","0"
"272","the","TRUE","0","0","0","0","0","0","0","0"
"273","amerlcan","TRUE","0","0","0","0","0","0","0","0"
"274","petroleum","TRUE","0","0","0","0","0","0","0","0"
"275","instltue","FALSE","of","the","amerlcan","petroleum","car","mm","companles","and"
"276","car","TRUE","0","0","0","0","0","0","0","0"
"277","mm","FALSE","amerlcan","petroleum","instltue","car","companles","and","other","supporters"
"278","companles","TRUE","0","0","0","0","0","0","0","0"
"279","and","TRUE","0","0","0","0","0","0","0","0"
"280","other","TRUE","0","0","0","0","0","0","0","0"
"281","supporters","TRUE","0","0","0","0","0","0","0","0"
"282","four","TRUE","0","0","0","0","0","0","0","0"
"283","weeks","TRUE","0","0","0","0","0","0","0","0"
"284","wre","FALSE","other","supporters","four","weeks","granted","reply","statements","are"
"285","granted","TRUE","0","0","0","0","0","0","0","0"
"286","reply","TRUE","0","0","0","0","0","0","0","0"
"287","statements","TRUE","0","0","0","0","0","0","0","0"
"288","are","TRUE","0","0","0","0","0","0","0","0"
"289","now","TRUE","0","0","0","0","0","0","0","0"
"290","due","TRUE","0","0","0","0","0","0","0","0"
"291","january","TRUE","0","0","0","0","0","0","0","0"
"292","and","TRUE","0","0","0","0","0","0","0","0"
"293","ea","FALSE","now","due","january","and","th","conductlng","natlonal","dccupatlonal"
"294","th","FALSE","due","january","and","ea","conductlng","natlonal","dccupatlonal","hazard"
"295","conductlng","TRUE","0","0","0","0","0","0","0","0"
"296","natlonal","FALSE","and","ea","th","conductlng","dccupatlonal","hazard","survey","statltlcal"
"297","dccupatlonal","FALSE","ea","th","conductlng","natlonal","hazard","survey","statltlcal","study"
"298","hazard","TRUE","0","0","0","0","0","0","0","0"
"299","survey","TRUE","0","0","0","0","0","0","0","0"
"300","statltlcal","FALSE","natlonal","dccupatlonal","hazard","survey","study","deslgned","to","collect"
"301","study","TRUE","0","0","0","0","0","0","0","0"
"302","deslgned","FALSE","hazard","survey","statltlcal","study","to","collect","pertlnent","nformatlon"
"303","to","TRUE","0","0","0","0","0","0","0","0"
"304","collect","TRUE","0","0","0","0","0","0","0","0"
"305","pertlnent","TRUE","0","0","0","0","0","0","0","0"
"306","nformatlon","FALSE","deslgned","to","collect","pertlnent","trlal","wmrkers","accompanled","by"
"307","trlal","TRUE","0","0","0","0","0","0","0","0"
"308","wmrkers","FALSE","collect","pertlnent","nformatlon","trlal","accompanled","by","management","representatlves"
"309","accompanled","FALSE","pertlnent","nformatlon","trlal","wmrkers","by","management","representatlves","nidsh"
"310","by","TRUE","0","0","0","0","0","0","0","0"
"311","management","TRUE","0","0","0","0","0","0","0","0"
"312","representatlves","FALSE","wmrkers","accompanled","by","management","nidsh","seventy","elva","percent"
"313","nidsh","FALSE","accompanled","by","management","representatlves","seventy","elva","percent","of"
"314","seventy","FALSE","by","management","representatlves","nidsh","elva","percent","of","the"
"315","elva","FALSE","management","representatlves","nidsh","seventy","percent","of","the","data"
"316","percent","TRUE","0","0","0","0","0","0","0","0"
"317","of","TRUE","0","0","0","0","0","0","0","0"
"318","the","TRUE","0","0","0","0","0","0","0","0"
"319","data","TRUE","0","0","0","0","0","0","0","0"
"320","collected","TRUE","0","0","0","0","0","0","0","0"
"321","reported","TRUE","0","0","0","0","0","0","0","0"
"322","as","TRUE","0","0","0","0","0","0","0","0"
"323","exposurs","FALSE","data","collected","reported","as","to","trade","name","compounds"
"324","to","TRUE","0","0","0","0","0","0","0","0"
"325","trade","TRUE","0","0","0","0","0","0","0","0"
"326","name","TRUE","0","0","0","0","0","0","0","0"
"327","compounds","TRUE","0","0","0","0","0","0","0","0"
"328","however","TRUE","0","0","0","0","0","0","0","0"
"329","the","TRUE","0","0","0","0","0","0","0","0"
"330","instltutes","FALSE","name","compounds","however","the","lngredlnt","nfomatlon","for","each"
"331","lngredlnt","FALSE","compounds","however","the","instltutes","nfomatlon","for","each","trade"
"332","nfomatlon","FALSE","however","the","instltutes","lngredlnt","for","each","trade","name"
"333","for","TRUE","0","0","0","0","0","0","0","0"
"334","each","TRUE","0","0","0","0","0","0","0","0"
"335","trade","TRUE","0","0","0","0","0","0","0","0"
"336","name","TRUE","0","0","0","0","0","0","0","0"
"337","ltem","FALSE","for","each","trade","name","reported","to","them","to"
"338","reported","TRUE","0","0","0","0","0","0","0","0"
"339","to","TRUE","0","0","0","0","0","0","0","0"
"340","them","TRUE","0","0","0","0","0","0","0","0"
"341","to","TRUE","0","0","0","0","0","0","0","0"
"342","obtan","FALSE","reported","to","them","to","thls","nfomatlon","they","propose"
"343","thls","FALSE","to","them","to","obtan","nfomatlon","they","propose","to"
"344","nfomatlon","FALSE","them","to","obtan","thls","they","propose","to","send"
"345","they","TRUE","0","0","0","0","0","0","0","0"
"346","propose","TRUE","0","0","0","0","0","0","0","0"
"347","to","TRUE","0","0","0","0","0","0","0","0"
"348","send","TRUE","0","0","0","0","0","0","0","0"
"349","letter","TRUE","0","0","0","0","0","0","0","0"
"350","and","TRUE","0","0","0","0","0","0","0","0"
"351","equest","FALSE","to","send","letter","and","com","one","for","each"
"352","com","TRUE","0","0","0","0","0","0","0","0"
"353","one","TRUE","0","0","0","0","0","0","0","0"
"354","for","TRUE","0","0","0","0","0","0","0","0"
"355","each","TRUE","0","0","0","0","0","0","0","0"
"356","trade","TRUE","0","0","0","0","0","0","0","0"
"357","name","TRUE","0","0","0","0","0","0","0","0"
"358","product","TRUE","0","0","0","0","0","0","0","0"
"359","to","TRUE","0","0","0","0","0","0","0","0"
"360","about","TRUE","0","0","0","0","0","0","0","0"
"361","respons","TRUE","0","0","0","0","0","0","0","0"
"362","would","TRUE","0","0","0","0","0","0","0","0"
"363","be","TRUE","0","0","0","0","0","0","0","0"
"364","mandatory","TRUE","0","0","0","0","0","0","0","0"
"365","under","TRUE","0","0","0","0","0","0","0","0"
"366","offlce","FALSE","would","be","mandatory","under","of","management","and","budget"
"367","of","TRUE","0","0","0","0","0","0","0","0"
"368","management","TRUE","0","0","0","0","0","0","0","0"
"369","and","TRUE","0","0","0","0","0","0","0","0"
"370","budget","TRUE","0","0","0","0","0","0","0","0"
"371","belng","FALSE","of","management","and","budget","arranged","vlews","egardlng","the"
"372","arranged","TRUE","0","0","0","0","0","0","0","0"
"373","vlews","FALSE","and","budget","belng","arranged","egardlng","the","need","for"
"374","egardlng","FALSE","budget","belng","arranged","vlews","the","need","for","assurances"
"375","the","TRUE","0","0","0","0","0","0","0","0"
"376","need","TRUE","0","0","0","0","0","0","0","0"
"377","for","TRUE","0","0","0","0","0","0","0","0"
"378","assurances","TRUE","0","0","0","0","0","0","0","0"
"379","of","TRUE","0","0","0","0","0","0","0","0"
"380","confldentlallty","FALSE","need","for","assurances","of","beyond","those","already","expressed"
"381","beyond","TRUE","0","0","0","0","0","0","0","0"
"382","those","TRUE","0","0","0","0","0","0","0","0"
"383","already","TRUE","0","0","0","0","0","0","0","0"
"384","expressed","TRUE","0","0","0","0","0","0","0","0"
"385","the","TRUE","0","0","0","0","0","0","0","0"
"386","dccupatlonal","FALSE","those","already","expressed","the","safety","and","health","act"
"387","safety","TRUE","0","0","0","0","0","0","0","0"
"388","and","TRUE","0","0","0","0","0","0","0","0"
"389","health","TRUE","0","0","0","0","0","0","0","0"
"390","act","TRUE","0","0","0","0","0","0","0","0"
"391","staff","TRUE","0","0","0","0","0","0","0","0"
"392","eport","FALSE","and","health","act","staff","januar","page","geneva","of"
"393","januar","FALSE","health","act","staff","eport","page","geneva","of","the"
"394","page","TRUE","0","0","0","0","0","0","0","0"
"395","geneva","TRUE","0","0","0","0","0","0","0","0"
"396","of","TRUE","0","0","0","0","0","0","0","0"
"397","the","TRUE","0","0","0","0","0","0","0","0"
"398","unlted","FALSE","page","geneva","of","the","natlonsl","commlttee","of","experts"
"399","natlonsl","FALSE","geneva","of","the","unlted","commlttee","of","experts","on"
"400","commlttee","TRUE","0","0","0","0","0","0","0","0"
"401","of","TRUE","0","0","0","0","0","0","0","0"
"402","experts","TRUE","0","0","0","0","0","0","0","0"
"403","on","TRUE","0","0","0","0","0","0","0","0"
"404","the","TRUE","0","0","0","0","0","0","0","0"
"405","trans","TRUE","0","0","0","0","0","0","0","0"
"406","dr","TRUE","0","0","0","0","0","0","0","0"
"407","boyd","TRUE","0","0","0","0","0","0","0","0"
"408","shaffer","TRUE","0","0","0","0","0","0","0","0"
"409","dlrector","FALSE","trans","dr","boyd","shaffer","of","toxlcclogy","amerlcan","cyanamld"
"410","of","TRUE","0","0","0","0","0","0","0","0"
"411","toxlcclogy","TRUE","0","0","0","0","0","0","0","0"
"412","amerlcan","TRUE","0","0","0","0","0","0","0","0"
"413","cyanamld","FALSE","dlrector","of","toxlcclogy","amerlcan","compan","actlon","taken","at"
"414","compan","FALSE","of","toxlcclogy","amerlcan","cyanamld","actlon","taken","at","thls"
"415","actlon","FALSE","toxlcclogy","amerlcan","cyanamld","compan","taken","at","thls","meetlng"
"416","taken","TRUE","0","0","0","0","0","0","0","0"
"417","at","TRUE","0","0","0","0","0","0","0","0"
"418","thls","FALSE","compan","actlon","taken","at","meetlng","result","publlcatlon","the"
"419","meetlng","FALSE","actlon","taken","at","thls","result","publlcatlon","the","alcatlon"
"420","result","TRUE","0","0","0","0","0","0","0","0"
"421","publlcatlon","TRUE","0","0","0","0","0","0","0","0"
"422","the","TRUE","0","0","0","0","0","0","0","0"
"423","alcatlon","FALSE","meetlng","result","publlcatlon","the","packaglng","and","labellng","of"
"424","packaglng","FALSE","result","publlcatlon","the","alcatlon","and","labellng","of","hazardous"
"425","and","TRUE","0","0","0","0","0","0","0","0"
"426","labellng","TRUE","0","0","0","0","0","0","0","0"
"427","of","TRUE","0","0","0","0","0","0","0","0"
"428","hazardous","TRUE","0","0","0","0","0","0","0","0"
"429","materls","FALSE","and","labellng","of","hazardous","nternatlonal","trade","the","asdciatidnhas"
"430","nternatlonal","FALSE","labellng","of","hazardous","materls","trade","the","asdciatidnhas","offered"
"431","trade","TRUE","0","0","0","0","0","0","0","0"
"432","the","TRUE","0","0","0","0","0","0","0","0"
"433","asdciatidnhas","FALSE","materls","nternatlonal","trade","the","offered","recommendatlons","the","envlrnmental"
"434","offered","TRUE","0","0","0","0","0","0","0","0"
"435","recommendatlons","FALSE","trade","the","asdciatidnhas","offered","the","envlrnmental","protectlon","agency"
"436","the","TRUE","0","0","0","0","0","0","0","0"
"437","envlrnmental","FALSE","asdciatidnhas","offered","recommendatlons","the","protectlon","agency","mm","on"
"438","protectlon","TRUE","0","0","0","0","0","0","0","0"
"439","agency","TRUE","0","0","0","0","0","0","0","0"
"440","mm","FALSE","the","envlrnmental","protectlon","agency","on","the","professlonal","quallucatlons"
"441","on","TRUE","0","0","0","0","0","0","0","0"
"442","the","TRUE","0","0","0","0","0","0","0","0"
"443","professlonal","FALSE","agency","mm","on","the","quallucatlons","deemed","necessary","to"
"444","quallucatlons","FALSE","mm","on","the","professlonal","deemed","necessary","to","membershlp"
"445","deemed","TRUE","0","0","0","0","0","0","0","0"
"446","necessary","TRUE","0","0","0","0","0","0","0","0"
"447","to","TRUE","0","0","0","0","0","0","0","0"
"448","membershlp","FALSE","quallucatlons","deemed","necessary","to","on","us","effluent","standrds"
"449","on","TRUE","0","0","0","0","0","0","0","0"
"450","us","FALSE","necessary","to","membershlp","on","effluent","standrds","and","water"
"451","effluent","TRUE","0","0","0","0","0","0","0","0"
"452","standrds","TRUE","0","0","0","0","0","0","0","0"
"453","and","TRUE","0","0","0","0","0","0","0","0"
"454","water","TRUE","0","0","0","0","0","0","0","0"
"455","quallty","TRUE","0","0","0","0","0","0","0","0"
"456","infomatlon","FALSE","standrds","and","water","quallty","advlsory","commlttee","we","alo"
"457","advlsory","FALSE","and","water","quallty","infomatlon","commlttee","we","alo","offered"
"458","commlttee","TRUE","0","0","0","0","0","0","0","0"
"459","we","TRUE","0","0","0","0","0","0","0","0"
"460","alo","FALSE","infomatlon","advlsory","commlttee","we","offered","to","suggest","candldates"
"461","offered","TRUE","0","0","0","0","0","0","0","0"
"462","to","TRUE","0","0","0","0","0","0","0","0"
"463","suggest","TRUE","0","0","0","0","0","0","0","0"
"464","candldates","TRUE","0","0","0","0","0","0","0","0"
"465","suiting","TRUE","0","0","0","0","0","0","0","0"
"466","these","TRUE","0","0","0","0","0","0","0","0"
"467","qualifier","FALSE","suggest","candldates","suiting","these","tlons","th","development","of"
"468","tlons","FALSE","candldates","suiting","these","qualifier","th","development","of","effluent"
"469","th","FALSE","suiting","these","qualifier","tlons","development","of","effluent","guldellnes"
"470","development","TRUE","0","0","0","0","0","0","0","0"
"471","of","TRUE","0","0","0","0","0","0","0","0"
"472","effluent","TRUE","0","0","0","0","0","0","0","0"
"473","guldellnes","TRUE","0","0","0","0","0","0","0","0"
"474","for","TRUE","0","0","0","0","0","0","0","0"
"475","the","TRUE","0","0","0","0","0","0","0","0"
"476","categorles","TRUE","0","0","0","0","0","0","0","0"
"477","of","TRUE","0","0","0","0","0","0","0","0"
"478","organ","FALSE","for","the","categorles","of","norgancs","plastlcs","and","synthetlcs"
"479","norgancs","TRUE","0","0","0","0","0","0","0","0"
"480","plastlcs","TRUE","0","0","0","0","0","0","0","0"
"481","and","TRUE","0","0","0","0","0","0","0","0"
"482","synthetlcs","FALSE","organ","norgancs","plastlcs","and","offlcs","for","thelr","nterm"
"483","offlcs","FALSE","norgancs","plastlcs","and","synthetlcs","for","thelr","nterm","use"
"484","for","TRUE","0","0","0","0","0","0","0","0"
"485","thelr","FALSE","and","synthetlcs","offlcs","for","nterm","use","draftlng","dlscharge"
"486","nterm","FALSE","synthetlcs","offlcs","for","thelr","use","draftlng","dlscharge","permlts"
"487","use","TRUE","0","0","0","0","0","0","0","0"
"488","draftlng","FALSE","for","thelr","nterm","use","dlscharge","permlts","for","plast"
"489","dlscharge","FALSE","thelr","nterm","use","draftlng","permlts","for","plast","cs"
"490","permlts","FALSE","nterm","use","draftlng","dlscharge","for","plast","cs","and"
"491","for","TRUE","0","0","0","0","0","0","0","0"
"492","plast","FALSE","draftlng","dlscharge","permlts","for","cs","and","synthetlcs","and"
"493","cs","FALSE","dlscharge","permlts","for","plast","and","synthetlcs","and","enterlng"
"494","and","TRUE","0","0","0","0","0","0","0","0"
"495","synthetlcs","FALSE","for","plast","cs","and","and","enterlng","nto","contracts"
"496","and","TRUE","0","0","0","0","0","0","0","0"
"497","enterlng","TRUE","0","0","0","0","0","0","0","0"
"498","nto","FALSE","and","synthetlcs","and","enterlng","contracts","wlth","consutants","who"
"499","contracts","TRUE","0","0","0","0","0","0","0","0"
"500","wlth","FALSE","and","enterlng","nto","contracts","consutants","who","recommend","basls"
"501","consutants","TRUE","0","0","0","0","0","0","0","0"
"502","who","TRUE","0","0","0","0","0","0","0","0"
"503","recommend","TRUE","0","0","0","0","0","0","0","0"
"504","basls","TRUE","0","0","0","0","0","0","0","0"
"505","for","TRUE","0","0","0","0","0","0","0","0"
"506","establlshlng","FALSE","who","recommend","basls","for","best","practcable","control","technology"
"507","best","TRUE","0","0","0","0","0","0","0","0"
"508","practcable","FALSE","basls","for","establlshlng","best","control","technology","currently","avallable"
"509","control","TRUE","0","0","0","0","0","0","0","0"
"510","technology","TRUE","0","0","0","0","0","0","0","0"
"511","currently","TRUE","0","0","0","0","0","0","0","0"
"512","avallable","TRUE","0","0","0","0","0","0","0","0"
"513","best","TRUE","0","0","0","0","0","0","0","0"
"514","axial","FALSE","technology","currently","avallable","best","able","iechnology","economlcally","achlevable"
"515","able","TRUE","0","0","0","0","0","0","0","0"
"516","iechnology","TRUE","0","0","0","0","0","0","0","0"
"517","economlcally","FALSE","best","axial","able","iechnology","achlevable","and","natlonal","standards"
"518","achlevable","FALSE","axial","able","iechnology","economlcally","and","natlonal","standards","that"
"519","and","TRUE","0","0","0","0","0","0","0","0"
"520","natlonal","FALSE","iechnology","economlcally","achlevable","and","standards","that","ndvdual","plants"
"521","standards","TRUE","0","0","0","0","0","0","0","0"
"522","that","TRUE","0","0","0","0","0","0","0","0"
"523","ndvdual","FALSE","and","natlonal","standards","that","plants","judged","to","be"
"524","plants","TRUE","0","0","0","0","0","0","0","0"
"525","judged","TRUE","0","0","0","0","0","0","0","0"
"526","to","TRUE","0","0","0","0","0","0","0","0"
"527","be","TRUE","0","0","0","0","0","0","0","0"
"528","exemplary","TRUE","0","0","0","0","0","0","0","0"
"529","provlde","TRUE","0","0","0","0","0","0","0","0"
"530","the","TRUE","0","0","0","0","0","0","0","0"
"531","base","TRUE","0","0","0","0","0","0","0","0"
"532","for","TRUE","0","0","0","0","0","0","0","0"
"533","the","TRUE","0","0","0","0","0","0","0","0"
"534","requlred","FALSE","the","base","for","the","levels","of","technologlcal","performance"
"535","levels","TRUE","0","0","0","0","0","0","0","0"
"536","of","TRUE","0","0","0","0","0","0","0","0"
"537","technologlcal","TRUE","0","0","0","0","0","0","0","0"
"538","performance","TRUE","0","0","0","0","0","0","0","0"
"539","am","FALSE","levels","of","technologlcal","performance","janury","page","the","ater"
"540","janury","FALSE","of","technologlcal","performance","am","page","the","ater","swans"
"541","page","TRUE","0","0","0","0","0","0","0","0"
"542","the","TRUE","0","0","0","0","0","0","0","0"
"543","ater","FALSE","am","janury","page","the","swans","commrmgnas","establlshed","eight"
"544","swans","FALSE","janury","page","the","ater","commrmgnas","establlshed","eight","task"
"545","commrmgnas","TRUE","0","0","0","0","0","0","0","0"
"546","establlshed","TRUE","0","0","0","0","0","0","0","0"
"547","eight","TRUE","0","0","0","0","0","0","0","0"
"548","task","TRUE","0","0","0","0","0","0","0","0"
"549","grous","TRUE","0","0","0","0","0","0","0","0"
"550","to","TRUE","0","0","0","0","0","0","0","0"
"551","deal","TRUE","0","0","0","0","0","0","0","0"
"552","wlth","FALSE","task","grous","to","deal","partlcular","aspects","of","regulatlons"
"553","partlcular","TRUE","0","0","0","0","0","0","0","0"
"554","aspects","TRUE","0","0","0","0","0","0","0","0"
"555","of","TRUE","0","0","0","0","0","0","0","0"
"556","regulatlons","TRUE","0","0","0","0","0","0","0","0"
"557","under","TRUE","0","0","0","0","0","0","0","0"
"558","the","TRUE","0","0","0","0","0","0","0","0"
"559","amendments","TRUE","0","0","0","0","0","0","0","0"
"560","to","TRUE","0","0","0","0","0","0","0","0"
"561","the","TRUE","0","0","0","0","0","0","0","0"
"562","federal","TRUE","0","0","0","0","0","0","0","0"
"563","water","TRUE","0","0","0","0","0","0","0","0"
"564","pollutlon","TRUE","0","0","0","0","0","0","0","0"
"565","control","TRUE","0","0","0","0","0","0","0","0"
"566","act","TRUE","0","0","0","0","0","0","0","0"
"567","in","TRUE","0","0","0","0","0","0","0","0"
"568","regard","TRUE","0","0","0","0","0","0","0","0"
"569","we","TRUE","0","0","0","0","0","0","0","0"
"570","have","TRUE","0","0","0","0","0","0","0","0"
"571","already","TRUE","0","0","0","0","0","0","0","0"
"572","commented","TRUE","0","0","0","0","0","0","0","0"
"573","to","TRUE","0","0","0","0","0","0","0","0"
"574","epa","TRUE","0","0","0","0","0","0","0","0"
"575","regardlng","FALSE","already","commented","to","epa","roposed","regulatlons","relatlng","to"
"576","roposed","FALSE","commented","to","epa","regardlng","regulatlons","relatlng","to","state"
"577","regulatlons","TRUE","0","0","0","0","0","0","0","0"
"578","relatlng","TRUE","0","0","0","0","0","0","0","0"
"579","to","TRUE","0","0","0","0","0","0","0","0"
"580","state","TRUE","0","0","0","0","0","0","0","0"
"581","dlscharge","FALSE","regulatlons","relatlng","to","state","permit","dra","document","relatlng"
"582","permit","TRUE","0","0","0","0","0","0","0","0"
"583","dra","FALSE","to","state","dlscharge","permit","document","relatlng","pretreatment","standards"
"584","document","TRUE","0","0","0","0","0","0","0","0"
"585","relatlng","TRUE","0","0","0","0","0","0","0","0"
"586","pretreatment","TRUE","0","0","0","0","0","0","0","0"
"587","standards","TRUE","0","0","0","0","0","0","0","0"
"588","for","TRUE","0","0","0","0","0","0","0","0"
"589","dlscharges","TRUE","0","0","0","0","0","0","0","0"
"590","silid","FALSE","pretreatment","standards","for","dlscharges","wastes","management","cdmmitteetask","group"
"591","wastes","TRUE","0","0","0","0","0","0","0","0"
"592","management","TRUE","0","0","0","0","0","0","0","0"
"593","cdmmitteetask","FALSE","dlscharges","silid","wastes","management","group","and","other","ntrested"
"594","group","TRUE","0","0","0","0","0","0","0","0"
"595","and","TRUE","0","0","0","0","0","0","0","0"
"596","other","TRUE","0","0","0","0","0","0","0","0"
"597","ntrested","TRUE","0","0","0","0","0","0","0","0"
"598","company","TRUE","0","0","0","0","0","0","0","0"
"599","representatlves","FALSE","and","other","ntrested","company","are","revlewlng","an","epa"
"600","are","TRUE","0","0","0","0","0","0","0","0"
"601","revlewlng","FALSE","ntrested","company","representatlves","are","an","epa","draft","that"
"602","an","TRUE","0","0","0","0","0","0","0","0"
"603","epa","TRUE","0","0","0","0","0","0","0","0"
"604","draft","TRUE","0","0","0","0","0","0","0","0"
"605","that","TRUE","0","0","0","0","0","0","0","0"
"606","agency","TRUE","0","0","0","0","0","0","0","0"
"607","the","TRUE","0","0","0","0","0","0","0","0"
"608","development","TRUE","0","0","0","0","0","0","0","0"
"609","of","TRUE","0","0","0","0","0","0","0","0"
"610","ensulng","TRUE","0","0","0","0","0","0","0","0"
"611","federal","TRUE","0","0","0","0","0","0","0","0"
"612","regulai","FALSE","development","of","ensulng","federal","ma","herman","bldchassoclate","unl"
"613","ma","FALSE","of","ensulng","federal","regulai","herman","bldchassoclate","unl","ersal"
"614","herman","TRUE","0","0","0","0","0","0","0","0"
"615","bldchassoclate","FALSE","federal","regulai","ma","herman","unl","ersal","products","and"
"616","unl","FALSE","regulai","ma","herman","bldchassoclate","ersal","products","and","ldiyear"
"617","ersal","TRUE","0","0","0","0","0","0","0","0"
"618","products","TRUE","0","0","0","0","0","0","0","0"
"619","and","TRUE","0","0","0","0","0","0","0","0"
"620","ldiyear","FALSE","unl","ersal","products","and","amrlcan","chemlcal","socletys","board"
"621","amrlcan","FALSE","ersal","products","and","ldiyear","chemlcal","socletys","board","of"
"622","chemlcal","TRUE","0","0","0","0","0","0","0","0"
"623","socletys","FALSE","and","ldiyear","amrlcan","chemlcal","board","of","bloch","has"
"624","board","TRUE","0","0","0","0","0","0","0","0"
"625","of","TRUE","0","0","0","0","0","0","0","0"
"626","bloch","TRUE","0","0","0","0","0","0","0","0"
"627","has","TRUE","0","0","0","0","0","0","0","0"
"628","been","TRUE","0","0","0","0","0","0","0","0"
"629","one","TRUE","0","0","0","0","0","0","0","0"
"630","of","TRUE","0","0","0","0","0","0","0","0"
"631","the","TRUE","0","0","0","0","0","0","0","0"
"632","prune","FALSE","been","one","of","the","catalysts","for","mcaacs","cullaboratlon"
"633","catalysts","TRUE","0","0","0","0","0","0","0","0"
"634","for","TRUE","0","0","0","0","0","0","0","0"
"635","mcaacs","TRUE","0","0","0","0","0","0","0","0"
"636","cullaboratlon","FALSE","prune","catalysts","for","mcaacs","such","eac","projects","as"
"637","such","TRUE","0","0","0","0","0","0","0","0"
"638","eac","TRUE","0","0","0","0","0","0","0","0"
"639","projects","TRUE","0","0","0","0","0","0","0","0"
"640","as","TRUE","0","0","0","0","0","0","0","0"
"641","the","TRUE","0","0","0","0","0","0","0","0"
"642","chemlstry","FALSE","eac","projects","as","the","in","actlon","re","openiended"
"643","in","TRUE","0","0","0","0","0","0","0","0"
"644","actlon","FALSE","as","the","chemlstry","in","re","openiended","experlments","awards"
"645","re","FALSE","the","chemlstry","in","actlon","openiended","experlments","awards","and"
"646","openiended","FALSE","chemlstry","in","actlon","re","experlments","awards","and","interface"
"647","experlments","FALSE","in","actlon","re","openiended","awards","and","interface","conferences"
"648","awards","TRUE","0","0","0","0","0","0","0","0"
"649","and","TRUE","0","0","0","0","0","0","0","0"
"650","interface","TRUE","0","0","0","0","0","0","0","0"
"651","conferences","TRUE","0","0","0","0","0","0","0","0"
"652","served","TRUE","0","0","0","0","0","0","0","0"
"653","as","TRUE","0","0","0","0","0","0","0","0"
"654","eac","TRUE","0","0","0","0","0","0","0","0"
"655","chalman","FALSE","conferences","served","as","eac","from","*","*","*"
"656","from","TRUE","0","0","0","0","0","0","0","0"
